{
  "builtin_entity_scope": [
    "snips/number"
  ],
  "config": {
    "unit_name": "tfidf_vectorizer",
    "use_stemming": false,
    "word_clusters_name": null
  },
  "language_code": "en",
  "vectorizer": {
    "idf_diag": [
      4.002849741322855,
      2.7707060600302227,
      4.562465529258278,
      4.157000421150114,
      3.3838105329166317,
      2.514772685893022,
      3.5508646175797978,
      4.157000421150114,
      3.751535313041949,
      4.157000421150114,
      3.463853240590168,
      3.3838105329166317,
      3.8693183486983322,
      1.1696363972666388,
      2.904237452654745,
      3.3097025607629096
    ],
    "vocab": {
      "add": 0,
      "builtinentityfeaturesnipsnumber": 1,
      "how": 2,
      "like": 3,
      "me": 4,
      "of": 5,
      "plus": 6,
      "result": 7,
      "s": 8,
      "sum": 9,
      "tell": 10,
      "to": 11,
      "todays": 12,
      "unknownword": 13,
      "weather": 14,
      "what": 15
    }
  }
}