{
  "id" : "proj_W0d2nGnvKYZ",
  "name" : "Yahooo",
  "intents" : [ {
    "id" : "niclaszll:ComputeSum",
    "type" : "registry",
    "version" : "0.2.0",
    "language" : "en",
    "slots" : [ {
      "name" : "firstTerm",
      "id" : "TDcaFz89Z",
      "entityId" : "snips/number",
      "missingQuestion" : "",
      "required" : false
    }, {
      "name" : "secondTerm",
      "id" : "S3SNtzytk",
      "entityId" : "snips/number",
      "missingQuestion" : "",
      "required" : false
    } ],
    "name" : "ComputeSum",
    "enabledByDefault" : true
  }, {
    "id" : "niclaszll:AskWeather",
    "type" : "registry",
    "version" : "0.2.0",
    "language" : "en",
    "slots" : [ ],
    "name" : "AskWeather",
    "enabledByDefault" : true
  } ],
  "createdAt" : "2019-10-31T14:18:02.803Z",
  "language" : "en",
  "version" : {
    "nluModel" : "0.20.1"
  },
  "platform" : {
    "type" : "raspberrypi"
  },
  "asr" : {
    "type" : "snips"
  },
  "analyticsEnabled" : false,
  "heartbeatEnabled" : false,
  "hotword" : "hey_snips"
}