{
  "config": {
    "ignore_stop_words": true,
    "unit_name": "lookup_intent_parser"
  },
  "entity_scopes": [
    {
      "entity_scope": {
        "builtin": [],
        "custom": []
      },
      "intent_group": [
        "niclaszll:AskWeather"
      ]
    },
    {
      "entity_scope": {
        "builtin": [
          "snips/number"
        ],
        "custom": []
      },
      "intent_group": [
        "niclaszll:ComputeSum"
      ]
    }
  ],
  "intents_names": [
    "niclaszll:AskWeather",
    "niclaszll:ComputeSum"
  ],
  "language_code": "en",
  "map": {
    "-1948452925": [
      0,
      []
    ],
    "-1853988376": [
      0,
      []
    ],
    "-769427088": [
      1,
      [
        0,
        1
      ]
    ],
    "-41939705": [
      0,
      []
    ],
    "268877883": [
      1,
      [
        0,
        1
      ]
    ],
    "534799065": [
      0,
      []
    ],
    "965149654": [
      1,
      [
        0,
        1
      ]
    ],
    "1086340046": [
      0,
      []
    ],
    "1494651972": [
      1,
      [
        0,
        1
      ]
    ],
    "1978822739": [
      0,
      []
    ]
  },
  "slots_names": [
    "firstTerm",
    "secondTerm"
  ],
  "stop_words_whitelist": {}
}